{
  "id": "/subscriptions/2a594c35-aee1-4edf-9ad6-09e878b9a19f/resourceGroups/myGroup/providers/Microsoft.Resources/deployments/Microsoft.Web-StaticApp-Portal-09bf60ab-81cf",
  "name": "Microsoft.Web-StaticApp-Portal-09bf60ab-81cf",
  "type": "Microsoft.Resources/deployments",
  "tags": {
    "primaryResourceId": "/subscriptions/2a594c35-aee1-4edf-9ad6-09e878b9a19f/resourcegroups/myGroup/providers/Microsoft.Web/staticSites/moeslab",
    "marketplaceItemId": "Microsoft.StaticApp"
  },
  "properties": {
    "templateHash": "13415227784075980902",
    "parameters": {
      "name": {
        "type": "String",
        "value": "moeslab"
      },
      "location": {
        "type": "String",
        "value": "eastus2"
      },
      "sku": {
        "type": "String",
        "value": "Free"
      },
      "skucode": {
        "type": "String",
        "value": "Free"
      },
      "repositoryUrl": {
        "type": "String",
        "value": "https://github.com/MoesLab/Azure"
      },
      "branch": {
        "type": "String",
        "value": "main"
      },
      "repositoryToken": {
        "type": "SecureString"
      },
      "appLocation": {
        "type": "String",
        "value": "/"
      },
      "apiLocation": {
        "type": "String",
        "value": "api"
      },
      "appArtifactLocation": {
        "type": "String",
        "value": ""
      }
    },
    "mode": "Incremental",
    "debugSetting": {
      "detailLevel": "None"
    },
    "provisioningState": "Succeeded",
    "timestamp": "2020-12-13T02:01:14.7957644Z",
    "duration": "PT4.6475287S",
    "correlationId": "2459e666-4840-42ab-87f8-1994eed440f3",
    "providers": [
      {
        "namespace": "Microsoft.Web",
        "resourceTypes": [
          {
            "resourceType": "staticSites",
            "locations": [
              "eastus2"
            ]
          }
        ]
      }
    ],
    "dependencies": [],
    "outputResources": [
      {
        "id": "/subscriptions/2a594c35-aee1-4edf-9ad6-09e878b9a19f/resourceGroups/myGroup/providers/Microsoft.Web/staticSites/moeslab"
      }
    ],
    "validationLevel": "Template"
  }
}